{"cameraMode":{"drawMode":0,"name":"Shaded","section":"Shading Mode"},"sceneLighting":false,"audioPlay":false,"sceneViewState":{"showFog":true,"showMaterialUpdate":false,"showSkybox":false,"showFlares":true,"showImageEffects":true,"showParticleSystems":true},"in2DMode":false,"pivot":{"x":1.0564252138137818,"y":0.16974365711212159,"z":0.6613004207611084},"rotation":{"x":-0.13325461745262147,"y":-0.860625684261322,"z":0.28790369629859927,"w":-0.3983442783355713},"size":2.880891799926758,"orthographic":false}